<?xml version="1.0" encoding="UTF-8"?> 
<beans xmlns="http://www.springframework.org/schema/beans" xmlns:xsi="http://www.w3.org/2001/XMLSchema-instance"
	xmlns:jee="http://www.springframework.org/schema/jee" xmlns:tx="http://www.springframework.org/schema/tx"
	xmlns:context="http://www.springframework.org/schema/context"
	xmlns:mvc="http://www.springframework.org/schema/mvc" 
	xmlns:aop="http://www.springframework.org/schema/aop"
	xsi:schemaLocation="http://www.springframework.org/schema/beans http://www.springframework.org/schema/beans/spring-beans.xsd
	http://www.springframework.org/schema/tx http://www.springframework.org/schema/tx/spring-tx.xsd
	http://www.springframework.org/schema/jee http://www.springframework.org/schema/jee/spring-jee.xsd
	http://www.springframework.org/schema/context http://www.springframework.org/schema/context/spring-context.xsd
	http://www.springframework.org/schema/aop http://www.springframework.org/schema/aop/spring-aop.xsd
	http://www.springframework.org/schema/mvc http://www.springframework.org/schema/mvc/spring-mvc.xsd" 
	default-lazy-init="true">
	
	  <!-- 动态增加数据源，设计时使用 -->
    <!--bean id="applicationEventListener" class="com.ly.mp.dal.comm.jdbc.DynamicCreateReadDataSource" depends-on="dataSource">
        <property name="dataSource" ref="dataSource"></property>
    </bean-->
	
	 <bean id="readWriteDataSourceTransactionProcessor" class="com.ly.mp.dal.comm.jdbc.ReadWriteDataSourceProcessor">
       <property name="forceChoiceReadWhenWrite" value="false"/>
    </bean>
     <aop:config expose-proxy="true" proxy-target-class="true">
        <!-- 只对业务逻辑层实施事务 -->
        <aop:pointcut id="txPointcut" expression="execution(* com.ly.mp..biz..*.*(..))" />
        <!--aop:advisor advice-ref="txAdvice" pointcut-ref="txPointcut"/-->
        
        <!-- 通过AOP切面实现读/写库选择 -->
        <aop:aspect order="-2147483648" ref="readWriteDataSourceTransactionProcessor">
           <aop:around pointcut-ref="txPointcut" method="determineReadOrWriteDB"/>
        </aop:aspect>
       
        
    </aop:config>
    
</beans>